event_id,exp_num,event_num,event_label,twine_state,frm0_side,frm_dec_side,frm0_top,frm_dec_top,ltip_cm,Lbase_cm,contact_R_cm,contact_E_MPa,start_height_cm,arm_cm,L0_cm,Lsup_cm,m_sup_g,avgT_min,omega0,pix2cm_s,pix2cm_t,E_sections,r_sections,r_source,twine_estimate_min,contact_start_time_min,h5_compensation_min,fit_A,fit_w,fit_T,fit_R2,fit_rmse,fit_Std,n_raw,n_shifted,n_fit
0,21,1,,1.0,10,136,9,135,2.693523924,37.26862460682307,0.043255878579224145,2.5129867661063567,32.0,9.0,41.0,17.57295645,0.65,102.5,0.06129936885053255,0.011459129,0.002635542,{0.0: 0.0},{},{},,,,0.36631205991513044,0.03134111842839085,200.47737994850442,0.9394026097082849,0.0253522266110716,0.025455917132209297,126,0,125
1,22,1,,0.0,30,199,8,177,0.94833219,37.446248129497164,0.042012497561337264,0.48116431230407736,32.0,8.0,40.0,17.78192876,0.65,146.5,0.04288863690907568,0.013032146,0.003270111,{0.0: 0.0},{},{},,,,0.33931314052716394,0.024910217221806676,252.2332604020497,0.9728715734474227,0.01556037733824484,0.015607458769102084,169,0,168
2,22,2,,1.0,38,275,42,279,2.043819375,36.35076094449717,0.042792989437748674,1.5290422941294817,32.0,8.0,40.0,17.78192876,0.65,146.5,0.04288863690907568,0.013032146,0.003270111,{0.0: 0.0},{},{},156.5,19.0,0.0,0.3853627291641168,0.017760133524606606,353.78029666692845,0.9311598147729009,0.027564492954790926,0.0276279326082188,237,0,220
3,23,1,,1.0,14,208,7,201,0.81752775,36.09564559814673,0.04191930450146725,0.4073231430440537,31.0,11.0,42.0,17.7832898,0.65,99.0,0.06346651825433926,0.01305483,0.003270111,{0.0: 0.0},{},{},105.0,7.0,0.0,0.3701155233150962,0.02405668579544209,261.1824987284837,0.9376103580585626,0.025734889889055253,0.025823478412278174,194,0,148
4,24,1,roll around,1.0,3,276,15,288,1.6303003200000001,37.0,0.042498373245438925,1.0433416805324678,27.0,10.0,37.0,17.73710072,0.65,97.0,0.06477510625958337,0.012285012,0.003293536,{0.0: 0.0},{},{},240.0,1.5,112.5,0.2880555143031921,0.026819202705683567,234.27934738149557,0.790287954910322,0.03297698206916267,0.03309289449006614,273,0,145
5,25,0,,0.0,40,313,12,16,0.032935360000000004,32.00574542002252,0.041360313036232346,0.1940091248652152,27.0,8.0,35.0,17.79751886,0.65,94.0,0.06684239688488922,0.013291981,0.003293536,{0.0: 0.0},{},{},,,,,,,,,,4,0,0
6,25,1,,0.0,29,72,10,53,0.77398096,31.264699820022525,0.04188827911266839,0.3851674677504139,27.0,8.0,35.0,17.79751886,0.65,94.0,0.06684239688488922,0.013291981,0.003293536,{0.0: 0.0},{},{},,,,0.2779163863747221,0.05719816216793132,109.84942643318551,0.9985670113443942,0.003063756293744977,0.003102786609825888,43,0,42
7,25,3,,0.0,14,121,16,123,1.10333456,30.935346220022524,0.04212293070219552,0.58282779508749,27.0,8.0,35.0,17.79751886,0.65,94.0,0.06684239688488922,0.013291981,0.003293536,{0.0: 0.0},{},{},,,,0.4074876891869343,0.03462930041385049,181.4413006353006,0.998914626867688,0.004174183226784064,0.0041943973073655045,107,0,106
8,25,4,,0.0,22,72,13,63,0.3293536,31.709327180022523,0.041571499466806765,0.22833960277112844,27.0,8.0,35.0,17.79751886,0.65,94.0,0.06684239688488922,0.013291981,0.003293536,{0.0: 0.0},{},{},,,,0.3287395798621423,0.05237273209732866,119.97054680101496,0.9990949758419783,0.002921312428895304,0.0029528951027440646,50,0,49
9,25,5,,0.0,24,61,24,61,0.49403040000000004,31.544650380022524,0.04168882526157033,0.27168616578364513,27.0,8.0,35.0,17.79751886,0.65,94.0,0.06684239688488922,0.013291981,0.003293536,{0.0: 0.0},{},{},,,,0.2613470287479748,0.056302002156604594,111.5979017886938,0.9962509740698516,0.00427934823349471,0.004343702945921678,37,0,36
10,25,6,,1.0,40,319,30,309,1.8608478400000001,30.177832940022522,0.04266262935810792,1.3006468785747667,27.0,8.0,35.0,17.79751886,0.65,94.0,0.06684239688488922,0.013291981,0.003293536,{0.0: 0.0},{},{},,,,0.5181504508339907,0.029102068800596344,215.90167181004102,0.9982077886082594,0.006631214460434833,0.006655197231160349,279,0,141
11,25,7,,1.0,14,215,15,216,3.91930784,28.119372940022522,0.04412920179265248,5.104307782923108,27.0,8.0,35.0,17.79751886,0.65,94.0,0.06684239688488922,0.013291981,0.003293536,{0.0: 0.0},{},{},,,,0.4206551099889894,0.029003538624752755,216.6351281638879,0.9995713796614175,0.002670719292513506,0.002680378344991257,201,0,141
12,26,1,,0.0,20,99,19,98,1.304047755,42.0,0.04226593102235543,0.7372966100752337,33.0,9.0,42.0,17.7128,0.65,106.7498178,0.058858979215790155,0.01188,0.003219871,{0.0: 0.0},{},{},,,,0.6903362133323482,0.046667738229321215,134.636593620727,0.9954317637915403,0.014299700231605024,0.01439471589634943,79,0,78
13,26,2,,0.0,17,95,90,168,1.9319226,42.0,0.042713267351465994,1.386823960512816,33.0,9.0,42.0,17.7128,0.65,106.7498178,0.058858979215790155,0.01188,0.003219871,{0.0: 0.0},{},{},,,,0.7069690832669838,0.048670353393990846,129.0967677246278,0.988526837725094,0.02263292440906134,0.022785336396514217,78,0,77
14,26,3,,1.0,19,120,13,114,1.787028405,42.0,0.042610035890902016,1.2145612533359142,33.0,9.0,42.0,17.7128,0.65,106.7498178,0.058858979215790155,0.01188,0.003219871,{0.0: 0.0},{},{},,,,0.9099357103124263,0.039659279209917304,158.42913518227522,0.9943327578689104,0.02049974086660535,0.020605138686620277,101,0,100
15,27,1,,1.0,11,201,10,200,1.19135227,37.677659189182954,0.042185639886361224,0.6473951972388036,33.0,10.0,43.0,17.79400088,0.65,89.0,0.07059758772111895,0.013233348,0.003219871,{0.0: 0.0},{},{},159.5,5.5,60.0,0.5490391377910274,0.03137092012915728,200.2869307406691,0.9909820633556116,0.015550850743702086,0.015610547127288866,190,0,133
16,28,1,,0.0,34,87,13,66,0.39344268,37.00789932979381,0.04161716043572689,0.24314839946670555,33.0,13.0,46.0,17.69955158,0.65,105.0,0.059839860068377014,0.011659193,0.003278689,{0.0: 0.0},{},{},,,,0.3039548317961638,0.05571897055298966,112.76563879090646,0.9964816723997312,0.005433906404113921,0.005489074380974231,53,0,52
17,28,2,,0.0,36,54,16,34,0.49180335,36.90953865979381,0.0416872385753387,0.2709843009636002,33.0,13.0,46.0,17.69955158,0.65,105.0,0.059839860068377014,0.011659193,0.003278689,{0.0: 0.0},{},{},,,,0.13861296423730027,0.11458840894760328,54.83264289019527,0.9925212101436065,0.003249513322211148,0.003363565842423101,18,0,17
18,28,3,,1.0,31,193,9,171,1.37704938,36.024292629793806,0.04231794183184503,0.7998664294045986,33.0,13.0,46.0,17.69955158,0.65,105.0,0.059839860068377014,0.011659193,0.003278689,{0.0: 0.0},{},{},102.5,15.5,85.0,0.4614782799603146,0.01815725832575037,346.0426235313765,0.8936948932838454,0.04130080392523407,0.04143468046409912,162,0,157
19,29,1,,0.0,24,102,27,105,1.24590182,41.85828189389742,0.04222450431236261,0.6898974358366197,33.0,11.0,44.0,17.70688028,0.65,94.0,0.06684239688488922,0.011781338,0.003278689,{0.0: 0.0},{},{},,,,0.17346411546454027,0.06034837221839309,104.11524082938868,0.9455159129276551,0.011056330556771965,0.011130784802438023,78,0,77
20,29,2,,1.0,33,237,31,235,1.47541005,41.62877366389742,0.04238801997145684,0.8895598897834813,33.0,11.0,44.0,17.70688028,0.65,94.0,0.06684239688488922,0.011781338,0.003278689,{0.0: 0.0},{},{},78.5,16.5,0.0,0.24612788114268608,0.03277217113505051,191.72319347678467,0.7592737418772088,0.0285054574522109,0.028608551667392942,204,0,141
21,30,1,,1.0,33,327,33,327,6.098545720000001,42.0,0.04568182375427589,12.083403314270933,35.0,7.0,42.0,20.39857549,1.1,102.6233749,0.06122567410497027,0.007122507,0.004038772,{0.0: 0.0},{},{},,,,1.8451288141781996,0.029826962359103742,210.65454911340785,0.9346807137846375,0.12121966906570615,0.1216203963374406,294,0,154
22,31,1,large deform,1.0,77,328,77,328,1.1250000999999998,36.2102415227482,0.04213836655411565,0.5982614845730767,29.0,8.0,37.0,17.7105263,0.65,102.9879699,0.06100892476354742,0.011842105,0.003214286,{0.0: 0.0},{},{},162.0,38.5,145.0,0.2032292056339103,0.03300613374196703,190.36417159003895,0.8494759842753271,0.01870527894157232,0.01876711474309744,251,0,154
23,33,1,head on impact,0.0,4,25,5,26,0.5286540000000001,37.20255014021317,0.041713493225652556,0.2830058334845936,31.0,10.0,41.0,18.30161288,0.65,100.5,0.06251925678785658,0.011693548,0.0037761,{0.0: 0.0},{},{},,,,,,,,,,21,0,0
24,33,2,head on impact,0.0,133,214,18,99,1.0573080000000001,36.673896140213174,0.04209013857402547,0.5510362768550294,31.0,10.0,41.0,18.30161288,0.65,100.5,0.06251925678785658,0.011693548,0.0037761,{0.0: 0.0},{},{},,,,0.2592174626912431,0.04875683696152348,128.8677793462683,0.9896672704919829,0.007888607033073172,0.007939666511312185,81,0,80
25,33,3,Close2axis,1.0,38,336,18,316,4.342515000000001,33.388689140213174,0.044430720381771475,6.222068157759097,31.0,10.0,41.0,18.30161288,0.65,100.5,0.06251925678785658,0.011693548,0.0037761,{0.0: 0.0},{},{},,19.0,0.0,0.43215032323319114,0.029160742922824855,215.46725760068264,0.9733318694101684,0.01903310985761944,0.019097302653208355,298,0,151
26,33,4,,1.0,24,183,8,167,2.190138,35.541066140213175,0.0428972357491103,1.727088222255921,31.0,10.0,41.0,18.30161288,0.65,100.5,0.06251925678785658,0.011693548,0.0037761,{0.0: 0.0},{},{},94.5,12.0,0.0,0.30657394874613314,0.0251969713125253,249.36272019551188,0.9797252809222415,0.012756475631927552,0.01279949928065343,159,0,151
27,35,1,,1.0,19,217,10,208,1.31115105,32.3752369057326,0.04227099184289187,0.7432352143324895,32.0,7.0,39.0,17.70234116,0.65,102.4127727,0.06135157892448689,0.011705686,0.00323741,{0.0: 0.0},{},{},169.0,9.5,143.5,0.47127292483871475,0.02370410264996606,265.0674189173992,0.9870355166057257,0.016103554669641543,0.016156789706312808,198,0,154
28,36,1,,1.0,5,184,13,192,2.6104415999999997,39.72781629772497,0.043196685665018233,2.372113315157785,35.0,6.0,41.0,20.399524269999997,1.1,90.0,0.06981317007977318,0.007136061,0.002008032,{0.0: 0.0},{},{},106.5,2.5,0.0,0.4873203183156717,0.009585529314283539,655.4865256962825,0.9873358297460074,0.009695175430585946,0.009731830288849703,179,0,135
29,37,1,,1.0,15,283,14,282,2.8746518105849583,39.60775609638042,0.04338492513130328,2.8354038739985037,34.0,7.0,41.0,17.713073,0.65,111.0,0.05660527303765393,0.01188455,0.003342618384401114,{0.0: 0.0},{},{},253.0,7.5,178.5,0.26192665884767014,0.025396506271620056,247.40353023285272,0.9238063321343442,0.01944194812169214,0.019501494809737438,268,0,166
30,37,2,Close2axis,0.0,35,114,11,90,4.512534818941504,37.969873088023874,0.04455185286906094,6.703362086249894,34.0,7.0,41.0,17.713073,0.65,111.0,0.05660527303765393,0.01188455,0.003342618384401114,{0.0: 0.0},{},{},,,,1.3522932581120422,0.015891962962543336,395.368735881702,0.998638855442805,0.008638511357205721,0.008695910735214562,79,0,78
31,37,3,,1.0,20,123,11,114,4.545961002785515,37.93644690417986,0.04457566772085191,6.8001592674780875,34.0,7.0,41.0,17.713073,0.65,111.0,0.05660527303765393,0.01188455,0.003342618384401114,{0.0: 0.0},{},{},74.0,10.0,44.5,0.511284624809832,0.02232684806714893,281.41837523517177,0.9976703137102962,0.00665182368665991,0.006685334345530153,103,0,102
32,38,1,,1.0,17,257,8,248,1.3297232250300843,39.0,0.04228422379296554,0.7589146460771815,32.0,7.0,39.0,17.71216616,0.65,110.5,0.05686140549483788,0.011869436,0.00340954673084637,{0.0: 0.0},{},{},162.0,8.5,0.0,0.30623020647039983,0.030163621495530313,208.30341304046124,0.8756934342059476,0.024854640451143065,0.024930765102446444,240,0,166
33,40,1,Close2axis,1.0,22,209,15,202,5.668016194331984,29.302495829390956,0.045375088265317026,10.463935392815014,30.0,10.0,40.0,20.414317999999998,1.1,103.0,0.06100179909883093,0.0073474,0.0020242914979757085,{0.0: 0.0},{},{},107.0,11.0,0.0,0.8062726816675229,0.029389544559962042,213.7898154345438,0.9545645544740763,0.047611408093525716,0.04776880160743155,187,0,154
34,41,1,head on impact,0.0,19,122,13,116,1.2328610603290677,34.785401105832676,0.04221521327991169,0.6795636917973048,28.0,10.0,38.0,20.40480766,1.1,97.5,0.06444292622748293,0.007211538,0.002970749542961609,{0.0: 0.0},{},{},,,,0.883920368467071,0.03692685632674963,170.15218548750596,0.9925687763366204,0.022843087588925004,0.02295816684414801,103,0,102
35,41,2,head on impact,0.0,16,27,10,21,0.029707495429616086,35.98855467073213,0.04135801330866836,0.1939444840722117,28.0,10.0,38.0,20.40480766,1.1,97.5,0.06444292622748293,0.007211538,0.002970749542961609,{0.0: 0.0},{},{},,,,0.5578141891522884,0.10017190841464067,62.72402519448521,0.978766260904455,0.013161056468325532,0.014069761186416911,11,0,10
36,42,1,,0.0,48,67,47,66,0.20576129999999998,34.23033254538491,0.04148344477528885,0.2071970081426263,30.0,9.0,39.0,20.399999989999998,1.1,105.0,0.059839860068377014,0.007142857,0.002057613,{0.0: 0.0},{},{},,,,0.2216029415235945,0.11649843438789265,53.93364589140418,0.9988600960355373,0.002038690227174217,0.002105550212779082,19,0,18
37,42,2,,0.0,17,203,4,190,0.7201645499999999,33.71592929538491,0.041849937020311895,0.3594618856846275,30.0,9.0,39.0,20.399999989999998,1.1,105.0,0.059839860068377014,0.007142857,0.002057613,{0.0: 0.0},{},{},,,,0.589018666099107,0.024877382768031763,252.56617087765684,0.9934533056800896,0.014127274588295534,0.014173068143038465,186,0,157
38,42,3,,1.0,20,171,6,157,4.732509899999999,29.70358394538491,0.044708576531491635,7.353495260780551,30.0,9.0,39.0,20.399999989999998,1.1,105.0,0.059839860068377014,0.007142857,0.002057613,{0.0: 0.0},{},{},82.0,10.0,0.0,0.7475090752244925,0.023084336223902872,272.18392793437175,0.9704919849501634,0.03777738560309085,0.03790566232401611,151,0,150
39,43,1,,1.0,15,152,14,151,3.2680115273775217,51.0,0.043665178581702234,3.607846836806851,39.0,12.0,51.0,17.7038123,0.65,92.5,0.06792632764518472,0.011730205,0.0032420749279538905,{0.0: 0.0},{},{},71.0,7.5,0.0,0.6913948857463349,0.02254455372415662,278.70080659202034,0.9932890124367041,0.01707170419638763,0.017135763349022066,137,0,136
40,44,1,,1.0,19,155,18,154,1.5171483010479516,47.0,0.04241775684681659,0.929489649717201,37.0,10.0,47.0,17.566720266,0.65,101.7713699,0.06173824046343692,0.012057878,0.0033343918704350586,{0.0: 0.0},{},{},69.5,9.5,0.0,0.4204075737252393,0.013786380650918277,455.7530700968335,0.9858880957653232,0.012387529265338358,0.012434363191419434,136,0,135
41,46,1,head on impact,0.0,7,10,7,10,0.020089285714285712,57.179100814261176,0.041351160709522314,0.19379136991860335,48.0,10.0,58.0,20.503305799,1.1,95.5,0.0657925163055454,0.008264463,0.0020089285714285712,{0.0: 0.0},{},{},,,,,,,,,,3,0,0
42,46,2,,1.0,11,130,8,127,4.855580357142856,52.343609742832605,0.04479625943033471,7.730724851337443,48.0,10.0,58.0,20.503305799,1.1,95.5,0.0657925163055454,0.008264463,0.0020089285714285712,{0.0: 0.0},{},{},,5.5,86.0,,,,,,,119,0,0
43,47,1,,1.0,4,166,4,166,0.8950471698113208,45.164033351985424,0.041974534063487966,0.4497635869806881,40.0,10.0,50.0,17.56603775,0.65,85.5,0.07348754745239282,0.011320755,0.003242924528301887,{0.0: 0.0},{},{},113.0,2.0,0.0,,,,,,,162,0,0
44,48,1,,1.0,3,130,3,130,3.209169054441261,52.0,0.04362325561560682,3.4860049133584243,37.0,15.0,52.0,17.54135336,0.65,100.0,0.06283185307179587,0.011278195,0.0033428844317096467,{0.0: 0.0},{},{},64.0,1.5,42.5,0.2479945688535757,0.022043788503959896,285.03200827076023,0.9933207345907159,0.006097544356772393,0.0061222809466056965,127,0,126
45,49,1,Close2axis,1.0,73,388,73,388,1.7656675749318802,32.18023645034908,0.042594817132919405,1.1903009629717154,31.0,9.0,40.0,17.52984087,0.65,90.0,0.06981317007977318,0.01127321,0.0032697547683923707,{0.0: 0.0},{},{},162.5,36.5,0.0,0.7012201357561694,0.00886580252115778,708.6989916801202,0.993624870562117,0.0095181791183264,0.009554164801000142,315,0,135
46,49,2,Close2axis,0.0,11,100,11,100,2.681198910081744,31.264705115199217,0.04324709748769558,2.4918098207238297,31.0,9.0,40.0,17.52984087,0.65,90.0,0.06981317007977318,0.01127321,0.0032697547683923707,{0.0: 0.0},{},{},,,,0.5230251033120616,0.03958036669805154,158.74499989129447,0.9974720788342324,0.00833836255168715,0.008387268323252923,89,0,88
47,49,3,Close2axis,0.0,18,155,17,154,2.975476839237057,30.970427186043903,0.04345675903030221,3.0239656220683786,31.0,9.0,40.0,17.52984087,0.65,90.0,0.06981317007977318,0.01127321,0.0032697547683923707,{0.0: 0.0},{},{},,,,2.3660002798602195,0.005278656693748158,1190.3000463396595,0.995992330166393,0.015610446573620807,0.01566946548572681,137,0,135
48,49,4,,1.0,9,85,16,92,4.724795640326976,29.221108384953986,0.044703080422463834,7.3301724172451985,31.0,9.0,40.0,17.52984087,0.65,90.0,0.06981317007977318,0.01127321,0.0032697547683923707,{0.0: 0.0},{},{},59.5,4.5,25.0,0.5449055449722916,0.03466082372053099,181.2762835021086,0.9987918286935725,0.00555569392822856,0.005594142095833826,76,0,75
49,50,1,,1.0,7,185,6,184,0.6310326933056565,42.0,0.04178643405009742,0.3209609283271335,31.0,11.0,42.0,20.57031576,1.1,89.5,0.07020318778971604,0.008378947,0.0020757654385054488,{0.0: 0.0},{},{},90.0,3.5,0.0,0.45877081000211867,0.03170282881270935,198.1900525123083,0.960324141055009,0.025367771043370978,0.025464410521109357,178,0,134
50,51,1,Close2axis,1.0,8,171,17,180,4.2272970085470085,48.631414676305326,0.04434863205835079,5.906414068394705,41.0,9.0,50.0,19.9,0.86,76.0,0.08267349088394192,0.01043115438108484,0.0018696581196581197,{0.0: 0.0},{},{},,,,0.528544955928578,0.02007667581412911,312.9594443497338,0.9945644777459249,0.010395498316671312,0.010442219892830337,163,0,114
51,52,1,,1.0,1,206,5,210,0.8449781659388647,53.825130100637104,0.04193886185178385,0.4219123590242083,43.0,13.0,56.0,19.9,0.86,76.0,0.08267349088394192,0.01107011070110701,0.001965065502183406,{0.0: 0.0},{},{},102.0,0.5,0.0,0.3904893684633888,0.04016175418999824,156.44698380092998,0.8726189825522448,0.03443470125351885,0.03458946473556853,205,0,114
52,53,1,tilited CN axis,1.0,1,252,8,259,2.075983717774762,49.85490771981792,0.042815905277011373,1.5714037586267051,43.0,17.0,60.0,19.9,0.86,91.0,0.06904599238658886,0.011045655375552283,0.0020352781546811396,{0.0: 0.0},{},{},118.5,0.5,0.0,0.43124988884240356,0.02505680720477897,250.7576187113426,0.9883651096351879,0.015515965267229648,0.015574186729825891,251,0,136
53,54,1,,1.0,16,196,10,190,0.3497304582210243,47.68905953120029,0.041586017183240204,0.23276325099586292,42.0,16.0,58.0,19.9,0.86,88.0,0.07139983303613166,0.011574074074074073,0.0020215633423180594,{0.0: 0.0},{},{},117.5,8.0,85.0,0.3157712269057469,0.02694211545141015,233.21054052014776,0.8149614292172979,0.03554734994514648,0.03568486438492051,180,0,132
54,54,2,,0.0,16,142,12,138,3.1415094339622645,44.897280555459055,0.0435750507759081,3.348641995096614,42.0,16.0,58.0,19.9,0.86,88.0,0.07139983303613166,0.011574074074074073,0.0020215633423180594,{0.0: 0.0},{},{},,,,0.4111474078019834,0.03403272644429668,184.6218614739444,0.9529382866768523,0.030282402076129766,0.030406256998253407,126,0,125
55,54,3,,0.0,22,116,17,111,3.101078167115903,44.93771182230542,0.043546245075797047,3.2679553199760947,42.0,16.0,58.0,19.9,0.86,88.0,0.07139983303613166,0.011574074074074073,0.0020215633423180594,{0.0: 0.0},{},{},,,,0.34453904071144,0.031221120304554324,201.24791313984457,0.9975132004134343,0.005120006252308339,0.00514837215497887,94,0,93
56,54,4,,0.0,20,125,5,110,3.256738544474394,44.78205144494692,0.043657147021224585,3.5843330512027887,42.0,16.0,58.0,19.9,0.86,88.0,0.07139983303613166,0.011574074074074073,0.0020215633423180594,{0.0: 0.0},{},{},,,,0.3753564472458112,0.046426545480294026,135.33605057577492,0.8548636162382272,0.03354582070969444,0.03371148009105221,105,0,104
57,55,1,Close2axis,1.0,8,356,10,358,4.234236234458259,36.851128707815725,0.044353575986063015,5.925184744520721,34.0,14.0,48.0,19.9,3.1,96.0,0.06544984694978735,0.012205044751830757,0.0019982238010657193,{0.0: 0.0},{},{},192.0,4.0,160.0,0.42847939987463723,0.031451635856823944,199.7729255095756,0.9620457908364243,0.02242898394243468,0.022508378824131935,348,0,144
58,56,0,,0.0,7,15,10,18,0.4051094890510949,44.6711536371794,0.04162547258196895,0.24612674587313557,37.0,8.0,45.0,19.9,0.86,104.5,0.0601261751883214,0.011355034065102196,0.0018248175182481751,{0.0: 0.0},{},{},,,,,,,,,,8,0,0
59,56,1,,1.0,14,249,11,246,0.8138686131386861,44.262394513091806,0.041916697509223035,0.40541479331227714,37.0,8.0,45.0,19.9,0.86,104.5,0.0601261751883214,0.011355034065102196,0.0018248175182481751,{0.0: 0.0},{},{},,,,0.8650542082399344,0.01597662242881801,393.2736931834992,0.9745743962834611,0.03677960237911136,0.036898823445032064,235,0,157
60,56,2,Close2axis,0.0,6,140,9,143,3.582116788321168,41.49414633790933,0.04388896632460002,4.295696837447978,37.0,8.0,45.0,19.9,0.86,104.5,0.0601261751883214,0.011355034065102196,0.0018248175182481751,{0.0: 0.0},{},{},,,,0.906480935024524,0.021022763623579094,298.8753248470328,0.9928790382168516,0.022175924805471262,0.022261053428682766,134,0,133
61,56,3,,0.0,10,153,11,154,1.3521897810218977,43.724073345208595,0.042300230337526404,0.778176629894873,37.0,8.0,45.0,19.9,0.86,104.5,0.0601261751883214,0.011355034065102196,0.0018248175182481751,{0.0: 0.0},{},{},,,,1.255827472932837,0.01897968061260272,331.0479999862316,0.9936016134054249,0.031006106532124204,0.031117439409298665,143,0,142
62,56,4,,0.0,6,128,8,130,1.145985401459854,43.93027772477064,0.04215331776261697,0.6134967280376976,37.0,8.0,45.0,19.9,0.86,104.5,0.0601261751883214,0.011355034065102196,0.0018248175182481751,{0.0: 0.0},{},{},,,,0.7452264893874745,0.024281916850705625,258.7598559788742,0.9933883890608545,0.01834159775149117,0.018419152421937594,122,0,121
63,56,5,,0.0,5,186,6,187,2.4963503649635035,42.57991276126699,0.04311540011158136,2.1858530260856393,37.0,8.0,45.0,19.9,0.86,104.5,0.0601261751883214,0.011355034065102196,0.0018248175182481751,{0.0: 0.0},{},{},,,,,,,,,,181,0,0
64,56,6,Close2axis,0.0,7,112,10,115,3.3375912408759123,41.738671885354584,0.04371475141276052,3.7547783376006447,37.0,8.0,45.0,19.9,0.86,104.5,0.0601261751883214,0.011355034065102196,0.0018248175182481751,{0.0: 0.0},{},{},,,,,,,,,,105,0,0
65,56,7,Close2axis,1.0,5,140,7,142,5.478102189781022,39.598160936449474,0.04523978194699731,9.787228706307685,37.0,8.0,45.0,19.9,0.86,104.5,0.0601261751883214,0.011355034065102196,0.0018248175182481751,{0.0: 0.0},{},{},,,,1.6155557296137184,0.010091205855532446,622.6396921369775,0.9959698777062408,0.018770855698825067,0.018842363979483055,135,0,134
66,57,1,,1.0,7,218,8,219,1.364477743499339,31.750393922515737,0.042308985031349035,0.7888483934043391,28.0,8.0,36.0,19.9,0.86,100.0,0.06283185307179587,0.011244377811094454,0.001983252534156016,{0.0: 0.0},{},{},295.0,3.5,0.0,0.36619541549121315,0.025017174639387532,251.15487251255047,0.938807683166352,0.02553815938822777,0.025624876647574603,211,0,150
67,58,1,,0.0,4,106,8,110,0.3097246891651865,32.527216636873916,0.04155751463370315,0.22432936529709543,29.0,17.0,46.0,19.9,3.1,106.0,0.05927533308659987,0.01323918799646955,0.0019982238010657193,"{0.0: 0.0, 12.5: 30.838548578921394, 17.5: 47.98296440883461}","{12.5: 0.045, 17.5: 0.049}","{12.5: 'E_dict', 17.5: 'E_dict'}",,,,0.11301687331102843,0.038619669855396964,162.6939155799524,0.9987866136610706,0.0012225327478058048,0.0012287543286875547,102,0,101
68,58,2,slide up & down & in,1.0,6,307,5,306,2.0981349911190055,30.7388063349201,0.042831687194987304,1.6009623216397149,29.0,17.0,46.0,19.9,3.1,106.0,0.05927533308659987,0.01323918799646955,0.0019982238010657193,"{0.0: 0.0, 12.5: 30.838548578921394, 17.5: 47.98296440883461}","{12.5: 0.045, 17.5: 0.049}","{12.5: 'E_dict', 17.5: 'E_dict'}",,3.0,0.0,0.20362707555886467,0.023354762651848937,269.0322912222858,0.9387987186255564,0.01393020652485759,0.013974783299671674,301,0,159
69,59,1,,0.0,31,93,31,93,0.914,38.11773956423124,0.041988037215510025,0.4607244256959297,31.0,10.0,41.0,19.9,0.86,94.5,0.06648873340930779,0.01050420168067227,0.002,"{0.0: 0.0, 2.5: 0.7415054543558398, 7.5: 6.931932274458388, 12.5: 20.84497277325277}","{2.5: 0.0435, 7.5: 0.045, 12.5: 0.0475}","{2.5: 'E_dict', 7.5: 'E_dict', 12.5: 'E_dict'}",,,,0.5292139553833226,0.03757199814799451,167.2305338254938,0.9928381270522675,0.013018712606914219,0.013130463262662954,62,0,61
70,59,2,,0.0,10,86,11,87,1.76,37.27173956423125,0.04259077920691365,1.183913057849197,31.0,10.0,41.0,19.9,0.86,94.5,0.06648873340930779,0.01050420168067227,0.002,"{0.0: 0.0, 2.5: 0.7415054543558398, 7.5: 6.931932274458388, 12.5: 20.84497277325277}","{2.5: 0.0435, 7.5: 0.045, 12.5: 0.0475}","{2.5: 'E_dict', 7.5: 'E_dict', 12.5: 'E_dict'}",,,,0.41988035406027396,0.04070368300709278,154.36404872956376,0.9985082435169622,0.005064107668397533,0.00509915381437335,76,0,75
71,59,3,,1.0,12,156,13,157,2.136,36.89573956423124,0.042858664536426366,1.6522157106987159,31.0,10.0,41.0,19.9,0.86,94.5,0.06648873340930779,0.01050420168067227,0.002,"{0.0: 0.0, 2.5: 0.7415054543558398, 7.5: 6.931932274458388, 12.5: 20.84497277325277}","{2.5: 0.0435, 7.5: 0.045, 12.5: 0.0475}","{2.5: 'E_dict', 7.5: 'E_dict', 12.5: 'E_dict'}",,,,0.6121652944927624,0.02826015563885942,222.33371208118285,0.981641433099828,0.023980867848066592,0.024066975370528324,144,0,142
72,59,5,Close2axis,1.0,6,171,10,175,2.302,36.729739564231245,0.0429769330595623,1.8877288875900882,31.0,10.0,41.0,19.9,0.86,94.5,0.06648873340930779,0.01050420168067227,0.002,"{0.0: 0.0, 2.5: 0.7415054543558398, 7.5: 6.931932274458388, 12.5: 20.84497277325277}","{2.5: 0.0435, 7.5: 0.045, 12.5: 0.0475}","{2.5: 'E_dict', 7.5: 'E_dict', 12.5: 'E_dict'}",,,,0.8917870703998081,0.021676306225668966,289.8642066487819,0.9977601887753869,0.013392734505061664,0.013440823473089216,165,0,142
73,60,1,,1.0,15,232,7,224,3.8784965034965038,53.730968364841274,0.04410012530774,5.002572176938376,50.0,17.0,67.0,19.9,3.1,110.0,0.057119866428905326,0.014299332697807437,0.001966783216783217,"{0.0: 0.0, 7.5: 13.670872171683902, 12.5: 18.051945806202166, 17.5: 66.30760110144328}","{7.5: 0.0375, 12.5: 0.045, 17.5: 0.05}","{7.5: 'E_dict', 12.5: 'E_dict', 17.5: 'E_dict'}",110.5,7.5,0.0,0.30117836424592387,0.024605727229425875,255.3545867023005,0.9970509960621143,0.00512017845612981,0.005135957163660243,217,0,165
74,61,1,Close2axis,1.0,10,88,13,91,3.2,36.77848191143063,0.043616723022068746,3.467218403561387,31.0,24.0,55.0,19.9,0.86,125.0,0.05026548245743669,0.01050420168067227,0.002,"{0.0: 0.0, 7.5: 22.46579618838067, 17.5: 45.93489822109932, 12.5: 33.481720137234134}","{7.5: 0.035, 17.5: 0.045, 12.5: 0.04}","{7.5: 'E_dict', 17.5: 'E_dict', 12.5: 'E_dict'}",103.0,5.0,85.0,0.15930640362426357,0.03206508458537783,195.95099742992147,0.9986698744121438,0.0016523198357729697,0.0016634466943939062,78,0,77
75,62,1,,1.0,3,225,3,225,3.22244094488189,43.00074992649685,0.04363271131971306,3.5132929515690408,34.0,20.0,54.0,19.9,3.1,122.5,0.05129130863003744,0.01283147989734816,0.001968503937007874,"{0.0: 0.0, 2.5: 1.6370232823337634, 7.5: 15.961360611185446, 12.5: 89.32080869335601, 17.5: 154.51020549017696}","{2.5: 0.035, 7.5: 0.0375, 12.5: 0.04, 17.5: 0.0425}","{2.5: 'E_dict', 7.5: 'E_dict', 12.5: 'E_dict', 17.5: 'E_dict'}",111.5,1.5,0.0,0.3858081470327817,0.028355106921970612,221.58919465442523,0.6871701080584358,0.06922731499819659,0.0694182872644643,222,0,184
76,63,1,slide up & down & in,1.0,12,291,7,286,1.9100676482292083,44.82628353769656,0.0426976965510495,1.3599812767162054,40.0,7.0,47.0,19.9,3.1,116.0,0.054165390579134366,0.014431239388794566,0.0019896538002387586,"{0.0: 0.0, 7.5: 16.754720572809394, 12.5: 55.98498309714732, 17.5: 35.382904845883196}","{7.5: 0.04, 12.5: 0.0475, 17.5: 0.055}","{7.5: 'E_dict', 12.5: 'E_dict', 17.5: 'E_dict'}",138.5,6.0,0.0,0.33672238002489047,0.020568717524904516,305.47287644803,0.9982965276194717,0.004328983813667604,0.004341623209364172,279,0,174
77,63,2,Close2axis,1.0,11,234,11,234,5.875447672105054,40.860903513820716,0.045522875099823806,11.22940972761239,40.0,7.0,47.0,19.9,3.1,116.0,0.054165390579134366,0.014431239388794566,0.0019896538002387586,"{0.0: 0.0, 7.5: 16.754720572809394, 12.5: 55.98498309714732, 17.5: 35.382904845883196}","{7.5: 0.04, 12.5: 0.0475, 17.5: 0.055}","{7.5: 'E_dict', 12.5: 'E_dict', 17.5: 'E_dict'}",120.5,5.5,0.0,0.4651258970076787,0.020480089517462025,306.79481658624235,0.9876656349120938,0.015986044361885703,0.016032719043291264,223,0,174
78,64,1,,1.0,19,273,5,259,1.912057302029447,53.14025516994751,0.04269911410175134,1.3624123733456388,44.0,6.0,50.0,19.9,3.1,102.5,0.06129936885053255,0.013111888111888112,0.0019896538002387586,"{0.0: 0.0, 12.5: 65.3829728516316, 17.5: 32.80698232697375}","{12.5: 0.05, 17.5: 0.055}","{12.5: 'E_dict', 17.5: 'E_dict'}",127.0,9.5,0.0,0.5307296218869426,0.032232461038195104,194.93346473711958,0.9615544949611462,0.026371396895136557,0.02645857530447445,254,0,154
79,64,2,Close2axis,1.0,13,118,9,114,5.2467170712296065,49.80559540074735,0.045074929078041226,8.993914501117379,44.0,6.0,50.0,19.9,3.1,102.5,0.06129936885053255,0.013111888111888112,0.0019896538002387586,"{0.0: 0.0, 12.5: 65.3829728516316, 17.5: 32.80698232697375}","{12.5: 0.05, 17.5: 0.055}","{12.5: 'E_dict', 17.5: 'E_dict'}",72.0,6.5,32.5,0.6713611358100964,0.02606786985321385,241.03178903990676,0.9953496978814669,0.0134978116248693,0.01356446789012542,105,0,104
80,65,1,,1.0,16,420,6,410,0.5044334975369458,44.60916045343692,0.041696237062665106,0.2750067527694986,32.0,16.0,48.0,19.9,3.1,110.0,0.057119866428905326,0.013100436681222707,0.0019704433497536944,"{0.0: 0.0, 7.5: 10.433136903421477, 12.5: 71.49940020282476, 17.5: 56.220362428487576}","{7.5: 0.0425, 12.5: 0.05, 17.5: 0.05}","{7.5: 'E_dict', 12.5: 'E_dict', 17.5: 'E_dict'}",,,,0.215148304682416,0.02511423563022566,250.18421423177233,0.9818514173733479,0.00881598606240218,0.008843154034546686,404,0,165
81,67,1,tilited CN axis,1.0,17,173,5,161,3.4342629482071714,47.94277168713456,0.043783626232369546,3.9640578968453646,45.0,18.0,63.0,19.9,3.1,109.0,0.05764390190073015,0.011538461538461539,0.00199203187250996,"{0.0: 0.0, 7.5: 24.82554750835751, 12.5: 26.144281862104762, 17.5: 61.5704596232523}","{7.5: 0.044, 12.5: 0.05, 17.5: 0.0535}","{7.5: 'E_dict', 12.5: 'E_dict', 17.5: 'E_dict'}",,,,1.5206715183080068,0.0167682402927387,374.7074944948427,0.9686764967963511,0.07253516567838808,0.07277337704434582,156,0,155
82,68,1,,1.0,111,302,13,204,2.9651009657594383,45.57885527319228,0.04344936662528749,3.0042607699222046,40.0,20.0,60.0,19.9,3.1,108.3,0.05801648483083644,0.013077593722755012,0.001975417032484636,"{0.0: 0.0, 2.5: 1.6749986788156395, 7.5: 9.072127914305543, 12.5: 58.200487210623436, 17.5: 48.55744220425582}","{2.5: 0.0345, 7.5: 0.04, 12.5: 0.045, 17.5: 0.05}","{2.5: 'E_dict', 7.5: 'E_dict', 12.5: 'E_dict', 17.5: 'E_dict'}",95.5,55.5,0.0,0.15728382178276504,0.029212038036777254,215.0889061307262,0.9445289901991046,0.009359703717734674,0.009389090614903513,191,0,162
83,69,1,,0.0,60,116,60,116,5.63030303030303,41.764501028217374,0.04534821910741048,10.327719859190534,43.0,7.0,50.0,19.9,0.86,93.0,0.06756113233526437,0.010964912280701754,0.00202020202020202,"{0.0: 0.0, 2.5: 2.5085072678314693, 7.5: 20.009639343664865, 12.5: 62.90941091892774, 17.5: 210.2228164926388}","{2.5: 0.05, 7.5: 0.0525, 12.5: 0.055, 17.5: 0.055}","{2.5: 'E_dict', 7.5: 'E_dict', 12.5: 'E_dict', 17.5: 'E_dict'}",,,,0.5646604244017018,0.04970666475335191,126.40528867420916,0.9991267472473249,0.0050111309879595925,0.005059085487174213,56,0,55
84,69,2,,0.0,10,167,5,162,0.6686868686868687,46.72611718983354,0.041813261180894026,0.33660618244125395,43.0,7.0,50.0,19.9,0.86,93.0,0.06756113233526437,0.010964912280701754,0.00202020202020202,"{0.0: 0.0, 2.5: 2.5085072678314693, 7.5: 20.009639343664865, 12.5: 62.90941091892774, 17.5: 210.2228164926388}","{2.5: 0.05, 7.5: 0.0525, 12.5: 0.055, 17.5: 0.055}","{2.5: 'E_dict', 7.5: 'E_dict', 12.5: 'E_dict', 17.5: 'E_dict'}",,,,0.34130402387676667,0.03441809814672235,182.55469202263103,0.8889300057459861,0.02738526591202844,0.02748576263842223,157,0,139
85,69,3,,1.0,16,374,5,363,1.8848484848484848,45.509955573671924,0.04267972888112322,1.32938611996665,43.0,7.0,50.0,19.9,0.86,93.0,0.06756113233526437,0.010964912280701754,0.00202020202020202,"{0.0: 0.0, 2.5: 2.5085072678314693, 7.5: 20.009639343664865, 12.5: 62.90941091892774, 17.5: 210.2228164926388}","{2.5: 0.05, 7.5: 0.0525, 12.5: 0.055, 17.5: 0.055}","{2.5: 'E_dict', 7.5: 'E_dict', 12.5: 'E_dict', 17.5: 'E_dict'}",,,,0.430246716859611,0.024675927586125582,254.62813040156607,0.9888476543660095,0.013411984985722785,0.013461203444650209,358,0,139
86,70,1,,1.0,16,295,9,288,2.8585578446909667,47.78415354600024,0.04337345880854616,2.8059066786007216,44.0,8.0,52.0,19.9,3.1,91.0,0.06904599238658886,0.012734584450402145,0.0019809825673534074,"{0.0: 0.0, 2.5: 1.1018459702343264, 12.5: 60.69639873644448, 17.5: 236.86124493628665}","{2.5: 0.045, 12.5: 0.05, 17.5: 0.05}","{2.5: 'E_dict', 12.5: 'E_dict', 17.5: 'E_dict'}",,8.0,0.0,0.2898298880108491,0.032577436685911024,192.86923546986483,0.9318668173012052,0.020414457095659224,0.020491059455212568,279,0,136
87,71,1,,1.0,9,266,5,262,1.6500000000000001,47.50094243837612,0.04251240849881152,1.0639998864815,40.0,19.0,59.0,19.9,0.86,102.0,0.06159985595274104,0.01072961373390558,0.002,"{0.0: 0.0, 2.5: 2.0029006178634496, 7.5: 35.20513453172975, 12.5: 35.38274613393296, 17.5: 57.11118129561707}","{2.5: 0.0395, 7.5: 0.043, 12.5: 0.0455, 17.5: 0.049}","{2.5: 'E_dict', 7.5: 'E_dict', 12.5: 'E_dict', 17.5: 'E_dict'}",146.5,4.5,115.0,0.2705398870054823,0.023779371307169946,264.2284030984908,0.9696256861468697,0.013671735459192527,0.013717232208767551,257,0,153
88,72,1,Close2axis,1.0,4,288,10,294,1.343046357615894,37.355721916387104,0.042293716005100894,0.7702984575517992,32.0,10.0,42.0,19.9,0.86,100.0,0.06283185307179587,0.01059322033898305,0.001986754966887417,"{0.0: 0.0, 2.5: 14.441649508262602, 7.5: 15.825185277226815, 12.5: 77.54402230295233}","{2.5: 0.04, 7.5: 0.045, 12.5: 0.05}","{2.5: 'E_dict', 7.5: 'E_dict', 12.5: 'E_dict'}",,,,0.7980693452792167,0.02888018259198463,217.56044260341395,0.9399391413573368,0.052814657187440356,0.052993994400236846,284,0,150
89,72,2,Close2axis,1.0,30,155,7,132,3.8245033112582782,34.874264962744725,0.04406165726493633,4.869612877765577,32.0,10.0,42.0,19.9,0.86,100.0,0.06283185307179587,0.01059322033898305,0.001986754966887417,"{0.0: 0.0, 2.5: 14.441649508262602, 7.5: 15.825185277226815, 12.5: 77.54402230295233}","{2.5: 0.04, 7.5: 0.045, 12.5: 0.05}","{2.5: 'E_dict', 7.5: 'E_dict', 12.5: 'E_dict'}",,,,1.8965077833706057,0.02047371247104761,306.89037545412424,0.9997152843724353,0.00922688668080718,0.009264935859471997,125,0,124
90,73,1,,1.0,14,214,7,207,1.690728476821192,46.705509688945234,0.04254142594943332,1.1074968732444845,40.0,24.0,64.0,19.9,3.1,101.0,0.062209755516629564,0.013227513227513227,0.001986754966887417,"{0.0: 0.0, 2.5: 1.9757559955763937, 7.5: 19.933564002837247, 12.5: 80.3387122105507, 17.5: 98.91817118332295}","{2.5: 0.0445, 7.5: 0.0475, 12.5: 0.05, 17.5: 0.0515}","{2.5: 'E_dict', 7.5: 'E_dict', 12.5: 'E_dict', 17.5: 'E_dict'}",100.5,7.0,0.0,0.274737587825427,0.023946020822129804,262.3895366103147,0.9597372276567765,0.01575197361768413,0.015805100155077443,200,0,151
91,74,1,Close2axis,1.0,15,248,16,249,5.499501495513459,37.48603192632165,0.04525502811738954,9.862326478937849,38.0,14.0,52.0,19.9,3.1,101.5,0.0619033035190107,0.013416815742397137,0.0019940179461615153,"{0.0: 0.0, 2.5: 10.080691394332948, 7.5: 52.17687010799312, 12.5: 59.674179583833045, 17.5: 149.5796016454631}","{2.5: 0.0415, 7.5: 0.0475, 12.5: 0.05, 17.5: 0.055}","{2.5: 'E_dict', 7.5: 'E_dict', 12.5: 'E_dict', 17.5: 'E_dict'}",115.0,7.5,0.0,0.5374961849497824,0.02367702970858207,265.37050400803264,0.9846572374155197,0.022380143938844237,0.022455119505435932,233,0,152
92,74,2,Close2axis,1.0,21,121,7,107,5.302093718843469,37.683439702991635,0.04511438277882141,9.180659933597148,38.0,14.0,52.0,19.9,3.1,101.5,0.0619033035190107,0.013416815742397137,0.0019940179461615153,"{0.0: 0.0, 2.5: 10.080691394332948, 7.5: 52.17687010799312, 12.5: 59.674179583833045, 17.5: 149.5796016454631}","{2.5: 0.0415, 7.5: 0.0475, 12.5: 0.05, 17.5: 0.055}","{2.5: 'E_dict', 7.5: 'E_dict', 12.5: 'E_dict', 17.5: 'E_dict'}",,,,,,,,,,100,0,0
93,74,3,Close2axis,1.0,94,245,5,156,6.85543369890329,36.13009972293182,0.04622107690755441,15.2178048777554,38.0,14.0,52.0,19.9,3.1,101.5,0.0619033035190107,0.013416815742397137,0.0019940179461615153,"{0.0: 0.0, 2.5: 10.080691394332948, 7.5: 52.17687010799312, 12.5: 59.674179583833045, 17.5: 149.5796016454631}","{2.5: 0.0415, 7.5: 0.0475, 12.5: 0.05, 17.5: 0.055}","{2.5: 'E_dict', 7.5: 'E_dict', 12.5: 'E_dict', 17.5: 'E_dict'}",48.0,47.0,0.0,0.8511938561454548,0.017010515383104247,369.37066077494524,0.9860223394404478,0.0278615676244755,0.027956174238396733,151,0,150
94,75,1,,0.0,5,34,5,34,0.9845380347807532,39.88718533518722,0.04203829281309093,0.5035361266174461,37.0,10.0,47.0,19.9,0.86,102.6,0.06123962287699402,0.010615711252653927,0.002001093566627547,"{0.0: 0.0, 2.5: 12.876131144957407, 7.5: 34.89195921764617, 12.5: 101.0015575134488, 17.5: 223.2994304646424}","{2.5: 0.0375, 7.5: 0.045, 12.5: 0.05, 17.5: 0.0525}","{2.5: 'E_dict', 7.5: 'E_dict', 12.5: 'E_dict', 17.5: 'E_dict'}",,,,0.18856974464037582,0.08878345771375301,70.76977478661871,0.9984282069266102,0.002255494114536306,0.002300161700562861,29,0,28
95,75,2,,1.0,10,333,6,329,2.305259788754934,38.56646358121304,0.04297925553186219,1.8925301117581088,37.0,10.0,47.0,19.9,0.86,102.6,0.06123962287699402,0.010615711252653927,0.002001093566627547,"{0.0: 0.0, 2.5: 12.876131144957407, 7.5: 34.89195921764617, 12.5: 101.0015575134488, 17.5: 223.2994304646424}","{2.5: 0.0375, 7.5: 0.045, 12.5: 0.05, 17.5: 0.0525}","{2.5: 'E_dict', 7.5: 'E_dict', 12.5: 'E_dict', 17.5: 'E_dict'}",164.5,5.0,0.0,0.42447261233170974,0.02930824752968999,214.38283885157452,0.9310605056114465,0.029007370779731704,0.02910326317609232,323,0,154
96,76,1,head on impact,1.0,71,337,5,271,2.799002493765586,51.93971232658364,0.04333102794469804,2.6981932605904926,41.0,17.0,58.0,19.9,3.1,114.5,0.054874980848730014,0.013711151736745886,0.00199501246882793,"{0.0: 0.0, 2.5: 6.597421003490795, 7.5: 89.45499683550112, 12.5: 58.611138853740044, 17.5: 220.57349429477424}","{2.5: 0.0395, 7.5: 0.045, 12.5: 0.0525, 17.5: 0.0525}","{2.5: 'E_dict', 7.5: 'E_dict', 12.5: 'E_dict', 17.5: 'E_dict'}",,,,,,,,,,266,0,0
97,77,1,,1.0,9,379,8,378,2.818548387096774,51.0,0.04334495363106944,2.7332944929226404,35.0,16.0,51.0,19.9,0.86,104.5,0.0601261751883214,0.010518934081346423,0.0020161290322580645,"{0.0: 0.0, 2.5: 6.659762695441934, 7.5: 17.367891013733846, 12.5: 18.91241176741863, 17.5: 147.90880315397695}","{2.5: 0.04, 7.5: 0.045, 12.5: 0.0525, 17.5: 0.055}","{2.5: 'E_dict', 7.5: 'E_dict', 12.5: 'E_dict', 17.5: 'E_dict'}",187.0,4.5,0.0,0.4603138473789393,0.02953161801151949,212.76129552836167,0.9866535103839877,0.01499265350650862,0.015041252186657507,370,0,157
98,78,1,not sure,1.0,10,278,14,282,2.2548247341473022,46.32937683958956,0.042943322523291555,1.8190067743063505,40.0,11.0,51.0,19.9,3.1,96.0,0.06544984694978735,0.013748854262144821,0.0019692792437967705,{0.0: 0.0},{},{},190.0,5.0,117.5,0.22492968038433528,0.03173901548993911,197.96408962878135,0.9415608526585468,0.013953708207082747,0.014003102018910458,268,0,144
99,79,1,,0.0,5,16,7,18,0.4752529395679498,56.97247721976605,0.04167544705365742,0.2658677141530691,43.0,19.0,62.0,19.997099017022293,0.86,101.3,0.06202552129496137,0.010788779669144,0.00200528666484367,"{0.0: 0.0, 2.5: 4.151147860743623, 7.5: 8.36119111426582, 12.5: 50.12452510103941, 17.5: 298.37859806748446}","{2.5: 0.0375, 7.5: 0.045, 12.5: 0.05, 17.5: 0.055}","{2.5: 'E_dict', 7.5: 'E_dict', 12.5: 'E_dict', 17.5: 'E_dict'}",,,,0.05762252619788065,0.14257184399796485,44.07030961365188,0.9960802885366264,0.0007740641288248964,0.0008275093615584026,11,0,10
100,79,2,,1.0,14,199,11,196,0.8522468325585597,56.595483326775444,0.04194404049314698,0.4258561509630431,43.0,19.0,62.0,19.997099017022293,0.86,101.3,0.06202552129496137,0.010788779669144,0.00200528666484367,"{0.0: 0.0, 2.5: 4.151147860743623, 7.5: 8.36119111426582, 12.5: 50.12452510103941, 17.5: 298.37859806748446}","{2.5: 0.0375, 7.5: 0.045, 12.5: 0.05, 17.5: 0.055}","{2.5: 'E_dict', 7.5: 'E_dict', 12.5: 'E_dict', 17.5: 'E_dict'}",92.5,7.0,0.0,0.2314987074792519,0.02768927501519605,226.9176532694097,0.9583728707596344,0.013708652340932657,0.013754577603043508,185,0,152
101,80,1,,1.0,6,141,5,140,0.580835703347186,52.0,0.04175067065330068,0.3015139128205539,43.0,9.0,52.0,19.927316403568977,3.1,99.5,0.06314759102693052,0.0136582017844886,0.00196893458761758,"{0.0: 0.0, 2.5: 10.285897745152516, 7.5: 19.108748319465462, 12.5: 253.05540883593494, 17.5: 334.35841558845954}","{2.5: 0.04, 7.5: 0.04, 12.5: 0.045, 17.5: 0.0535}","{2.5: 'E_dict', 7.5: 'E_dict', 12.5: 'E_dict', 17.5: 'E_dict'}",81.0,3.0,44.5,0.3633422374892996,0.02240550092256761,280.4304768232582,0.9977042883437668,0.00526264760918971,0.005282695863157459,135,0,134
102,81,1,,0.0,8,10,8,10,0.23060796645702203,50.04309571355985,0.0415011470556908,0.21066311630027354,45.0,7.0,52.0,19.9,3.1,86.2,0.07289078082574926,0.0136549840691852,0.00200528666484367,"{0.0: 0.0, 2.5: 16.43874772939723, 7.5: 15.57559056469318, 12.5: 30.5345705719731, 17.5: 106.82308444196039}","{2.5: 0.0375, 7.5: 0.05, 12.5: 0.0525, 17.5: 0.055}","{2.5: 'E_dict', 7.5: 'E_dict', 12.5: 'E_dict', 17.5: 'E_dict'}",,,,,,,,,,2,0,0
103,82,1,,0.0,8,16,4,12,0.20030045067601399,44.0,0.04147955413321285,0.2064881291585105,36.0,8.0,44.0,19.98342989571263,0.86,86.4,0.07272205216643039,0.0104287369640787,0.00200300450676014,"{0.0: 0.0, 2.5: 7.862045241909377, 7.5: 28.394114612945767, 12.5: 41.5492565562488, 17.5: 70.70682532094337}","{2.5: 0.0365, 7.5: 0.0415, 12.5: 0.0525, 17.5: 0.0575}","{2.5: 'E_dict', 7.5: 'E_dict', 12.5: 'E_dict', 17.5: 'E_dict'}",,,,,,,,,,8,0,0
104,82,2,,0.0,4,6,4,6,0.25237856785177765,44.0,0.04151665775975549,0.21402455560466008,36.0,8.0,44.0,19.98342989571263,0.86,86.4,0.07272205216643039,0.0104287369640787,0.00200300450676014,"{0.0: 0.0, 2.5: 7.862045241909377, 7.5: 28.394114612945767, 12.5: 41.5492565562488, 17.5: 70.70682532094337}","{2.5: 0.0365, 7.5: 0.0415, 12.5: 0.0525, 17.5: 0.0575}","{2.5: 'E_dict', 7.5: 'E_dict', 12.5: 'E_dict', 17.5: 'E_dict'}",,,,,,,,,,2,0,0
105,82,3,,0.0,5,12,7,14,0.1962944416624937,44.0,0.04147670000809419,0.20598022839733365,36.0,8.0,44.0,19.98342989571263,0.86,86.4,0.07272205216643039,0.0104287369640787,0.00200300450676014,"{0.0: 0.0, 2.5: 7.862045241909377, 7.5: 28.394114612945767, 12.5: 41.5492565562488, 17.5: 70.70682532094337}","{2.5: 0.0365, 7.5: 0.0415, 12.5: 0.0525, 17.5: 0.0575}","{2.5: 'E_dict', 7.5: 'E_dict', 12.5: 'E_dict', 17.5: 'E_dict'}",,,,,,,,,,7,0,0
106,82,4,,1.0,8,369,5,366,1.28592889334001,44.0,0.0422530220403709,0.7222946991532849,36.0,8.0,44.0,19.98342989571263,0.86,86.4,0.07272205216643039,0.0104287369640787,0.00200300450676014,"{0.0: 0.0, 2.5: 7.862045241909377, 7.5: 28.394114612945767, 12.5: 41.5492565562488, 17.5: 70.70682532094337}","{2.5: 0.0365, 7.5: 0.0415, 12.5: 0.0525, 17.5: 0.0575}","{2.5: 'E_dict', 7.5: 'E_dict', 12.5: 'E_dict', 17.5: 'E_dict'}",189.5,4.0,0.0,0.20894031387353337,0.028518238687039385,220.3216466532728,0.9496408317770978,0.013429501919830418,0.013482270303538626,361,0,130
107,83,1,,1.0,9,186,9,186,1.702553830746119,53.0,0.042549851052712,1.1203247259729363,40.0,13.0,53.0,19.966834991831277,3.1,95.0,0.06613879270715355,0.0133669983662557,0.00200300450676014,"{0.0: 0.0, 7.5: 17.235626804438432, 12.5: 79.78910364500804}","{7.5: 0.0525, 12.5: 0.0525}","{7.5: 'E_dict', 12.5: 'E_dict'}",90.0,4.5,0.0,0.25899265402393823,0.02250598365944452,279.17843548877187,0.9607232465474855,0.014478069675324527,0.01453005573011074,177,0,142
108,84,1,,0.0,8,43,4,39,0.48606480864115126,51.0,0.04168315008852264,0.269190386853891,41.0,10.0,51.0,20.04788259018597,3.1,90.5,0.06942746195778549,0.0134438718350885,0.00200026670222696,"{0.0: 0.0, 2.5: 22.903299896911033, 7.5: 37.796243828267755, 12.5: 92.43317817445508, 17.5: 180.20848079712496}","{2.5: 0.0415, 7.5: 0.0525, 12.5: 0.0545, 17.5: 0.0575}","{2.5: 'E_dict', 7.5: 'E_dict', 12.5: 'E_dict', 17.5: 'E_dict'}",,,,0.1670829289686271,0.07030622151438065,89.3688378046942,0.9979695426482276,0.0022254259663537328,0.002261035042851566,35,0,34
109,84,2,,1.0,15,360,6,351,2.4583277770369336,51.0,0.043088310501220625,2.1256280071106106,41.0,10.0,51.0,20.04788259018597,3.1,90.5,0.06942746195778549,0.0134438718350885,0.00200026670222696,"{0.0: 0.0, 2.5: 22.903299896911033, 7.5: 37.796243828267755, 12.5: 92.43317817445508, 17.5: 180.20848079712496}","{2.5: 0.0415, 7.5: 0.0525, 12.5: 0.0545, 17.5: 0.0575}","{2.5: 'E_dict', 7.5: 'E_dict', 12.5: 'E_dict', 17.5: 'E_dict'}",177.5,7.5,0.0,0.34192996913039964,0.03175958141827427,197.83589791155998,0.9834836114237399,0.012369797783091848,0.012416213697702874,345,0,136
110,85,1,,0.0,7,11,5,9,0.1194239550403932,40.07320446488774,0.0414219327856512,0.19822170018171892,35.0,19.0,54.0,20.006587712805327,3.1,95.0,0.06613879270715355,0.0133234641006661,0.00199039925067322,"{0.0: 0.0, 2.5: 6.760052544, 7.5: 53.33653651, 12.5: 40.025, 17.5: 69.93229361}","{2.5: 0.0375, 7.5: 0.04, 12.5: 0.045, 17.5: 0.0475}","{2.5: 'E_dict', 7.5: 'E_dict', 12.5: 'E_dict', 17.5: 'E_dict'}",,,,,,,,,,4,0,0
111,85,2,,1.0,3,211,5,213,0.6448893572181232,39.54773906271001,0.04179630638248608,0.3266129348099237,35.0,19.0,54.0,20.006587712805327,3.1,95.0,0.06613879270715355,0.0133234641006661,0.00199039925067322,"{0.0: 0.0, 2.5: 6.760052544, 7.5: 53.33653651, 12.5: 40.025, 17.5: 69.93229361}","{2.5: 0.0375, 7.5: 0.04, 12.5: 0.045, 17.5: 0.0475}","{2.5: 'E_dict', 7.5: 'E_dict', 12.5: 'E_dict', 17.5: 'E_dict'}",121.0,1.5,70.0,0.7777116632345611,0.005070539249783888,1239.1552451639898,0.9967931554234796,0.0044275624001799165,0.00444346034145709,208,0,142
112,86,1,,0.0,4,19,6,21,0.33600744099523155,57.0,0.04157624006890127,0.22975490637084311,45.0,12.0,57.0,19.98066925605019,3.1,103.75,0.06056082223787553,0.0134448760083657,0.00197651435879548,{0.0: 0.0},{},{},,,,0.12115626622420142,0.08389309130038979,74.89514583128008,0.9617513299810331,0.00395922172479348,0.004135272223565544,15,0,14
113,86,2,,1.0,9,256,5,252,1.7235205208696585,57.0,0.04256478900136236,1.143288670289595,45.0,12.0,57.0,19.98066925605019,3.1,103.75,0.06056082223787553,0.0134448760083657,0.00197651435879548,{0.0: 0.0},{},{},123.0,4.5,0.0,0.20360054564101346,0.022279444296476155,282.0171465485506,0.9079300438559358,0.016888530933262584,0.01694363232250963,247,0,156
114,87,1,,0.0,12,23,6,17,0.3844621513944223,40.26495354887009,0.04161076215949098,0.2409150936646226,35.0,11.0,46.0,20.01405529953917,0.86,104.5,0.0601261751883214,0.01036866359447,0.00199203187250996,"{0.0: 0.0, 2.5: 3.894175275002839, 17.5: 32.385917845303645}","{2.5: 0.0385, 17.5: 0.055}","{2.5: 'E_dict', 17.5: 'E_dict'}",,,,0.12102579994366912,0.08399775231500553,74.80182664432016,0.9718094368197719,0.002569992707847677,0.0027474377712209783,11,0,10
115,88,1,large deform,1.0,5,224,7,226,0.4276757232427658,58.0,0.04164155014335803,0.25213449682074396,44.0,14.0,58.0,19.966844919786094,3.1,96.0,0.06544984694978735,0.0133689839572192,0.00197998020019799,"{0.0: 0.0, 2.5: 6.716920646468719, 7.5: 13.029810182669237, 12.5: 30.550833309721344, 17.5: 95.25989785861019}","{2.5: 0.0425, 7.5: 0.0515, 12.5: 0.056, 17.5: 0.056}","{2.5: 'E_dict', 7.5: 'E_dict', 12.5: 'E_dict', 17.5: 'E_dict'}",,,,0.4880318351345037,0.01654552204027495,379.75140898456493,0.998493801943266,0.005254557124942252,0.005273157385318602,219,0,144
116,88,2,,1.0,5,173,7,175,3.3422065779342067,58.0,0.04371803966033678,3.7646340169525234,44.0,14.0,58.0,19.966844919786094,3.1,96.0,0.06544984694978735,0.0133689839572192,0.00197998020019799,"{0.0: 0.0, 2.5: 6.716920646468719, 7.5: 13.029810182669237, 12.5: 30.550833309721344, 17.5: 95.25989785861019}","{2.5: 0.0425, 7.5: 0.0515, 12.5: 0.056, 17.5: 0.056}","{2.5: 'E_dict', 7.5: 'E_dict', 12.5: 'E_dict', 17.5: 'E_dict'}",85.5,2.5,0.0,0.5349782832838648,0.02603129882563565,241.37041141381306,0.9900927038506637,0.0160443030743467,0.016101097245129113,168,0,144
117,89,1,,1.0,7,249,8,250,2.1542045189843932,49.36476897684587,0.04287163454591242,1.6771833239778542,48.0,19.0,67.0,19.942134831460674,3.1,98.7,0.0636594256046564,0.0140449438202247,0.00197996738877242,"{0.0: 0.0, 2.5: 7.273206849325901, 7.5: 7.994665794245293, 12.5: 67.99640157496458, 17.5: 64.08973426627527}","{2.5: 0.0415, 7.5: 0.0475, 12.5: 0.057, 17.5: 0.055}","{2.5: 'E_dict', 7.5: 'E_dict', 12.5: 'E_dict', 17.5: 'E_dict'}",154.5,3.5,93.0,0.2932027796564177,0.021757248805212258,288.78583700685357,0.9982222274883873,0.003924186236184794,0.003937694662489084,242,0,148
118,90,3,,1.0,10,211,6,207,2.839540357192297,62.0,0.04335990959071348,2.771264683658089,43.0,19.0,62.0,19.984795665999293,0.86,104.75,0.05998267596352827,0.0105994582499116,0.00193825280354423,"{0.0: 0.0, 2.5: 7.849794121498672, 7.5: 60.70755348696427, 17.5: 62.418928143773655}","{2.5: 0.038, 7.5: 0.0435, 17.5: 0.0525}","{2.5: 'E_dict', 7.5: 'E_dict', 17.5: 'E_dict'}",,5.0,62.5,0.2421882487288848,0.02465860042942328,254.80705302651023,0.877410782072329,0.022531496969540064,0.022604532807660577,201,0,157
119,91,1,,1.0,14,194,6,186,2.247582205029004,56.0,0.042938162503878365,1.8085822842384633,38.0,18.0,56.0,20.006320141760188,3.1,102.5,0.06129936885053255,0.0132900177200236,0.00193423597678916,"{0.0: 0.0, 7.5: 27.28330854547798, 12.5: 93.95701004069879, 17.5: 134.66936008207966}","{7.5: 0.0475, 12.5: 0.049, 17.5: 0.045}","{7.5: 'E_dict', 12.5: 'E_dict', 17.5: 'E_dict'}",90.0,7.0,0.0,0.2273567919335656,0.029828425762100902,210.64421425695258,0.7941634744072742,0.027387968929093696,0.02747850791630504,180,0,154
120,92,1,,0.0,8,110,10,112,2.1247128322940525,43.66048689868709,0.042850622869830164,1.6368417039660512,41.0,16.0,57.0,19.967014147431122,3.1,95.0,0.06613879270715355,0.0134028294862248,0.00196914998359041,"{0.0: 0.0, 2.5: 9.213994451846956, 7.5: 19.560097627431787, 12.5: 85.94332633342856, 17.5: 127.16858384130765}","{2.5: 0.0375, 7.5: 0.0425, 12.5: 0.045, 17.5: 0.04}","{2.5: 'E_dict', 7.5: 'E_dict', 12.5: 'E_dict', 17.5: 'E_dict'}",,,,0.35594693687783124,0.03574455219089414,175.78022165795144,0.9989573166525837,0.0036030421316039767,0.0036213783422963776,102,0,101
121,92,3,,1.0,10,179,5,174,2.3235969806366836,43.461602750344454,0.04299232006561107,1.9196648975168968,41.0,16.0,57.0,19.967014147431122,3.1,95.0,0.06613879270715355,0.0134028294862248,0.00196914998359041,"{0.0: 0.0, 2.5: 9.213994451846956, 7.5: 19.560097627431787, 12.5: 85.94332633342856, 17.5: 127.16858384130765}","{2.5: 0.0375, 7.5: 0.0425, 12.5: 0.045, 17.5: 0.04}","{2.5: 'E_dict', 7.5: 'E_dict', 12.5: 'E_dict', 17.5: 'E_dict'}",,,,0.4462092944625536,0.03017451090770381,208.22824026537694,0.9945980769438506,0.009750203304345123,0.009785213123645848,169,0,142
122,92,4,Close2axis,1.0,21,111,29,119,5.263537906137166,40.521661824843974,0.04508691326661009,9.05043169950084,41.0,16.0,57.0,19.967014147431122,3.1,95.0,0.06613879270715355,0.0134028294862248,0.00196914998359041,"{0.0: 0.0, 2.5: 9.213994451846956, 7.5: 19.560097627431787, 12.5: 85.94332633342856, 17.5: 127.16858384130765}","{2.5: 0.0375, 7.5: 0.0425, 12.5: 0.045, 17.5: 0.04}","{2.5: 'E_dict', 7.5: 'E_dict', 12.5: 'E_dict', 17.5: 'E_dict'}",,,,1.0327516354715087,0.021130284998889307,297.35449888678056,0.9981489235098487,0.010945090661298312,0.011008540993781188,90,0,89
123,94,1,,0.0,5,9,6,10,0.2427055702917768,55.0,0.041509766126407784,0.21249360945308604,42.0,13.0,55.0,20.07657712043465,3.1,96.0,0.06544984694978735,0.0135828554180501,0.0019893899204244,"{0.0: 0.0, 2.5: 23.801117022820826, 7.5: 32.70424141592455, 12.5: 107.02604971996574, 17.5: 137.94583466037201}","{2.5: 0.04, 7.5: 0.0525, 12.5: 0.0525, 17.5: 0.055}","{2.5: 'E_dict', 7.5: 'E_dict', 12.5: 'E_dict', 17.5: 'E_dict'}",,,,,,,,,,4,0,0
124,95,1,,0.0,6,10,2,6,0.27239709443099264,39.61083161964703,0.041530920178875254,0.2173829030053257,36.0,18.0,54.0,20.013129499999998,0.86,102.0,0.06159985595274104,0.0102845,0.00201775625504439,{0.0: 0.0},{},{},,,,,,,,,,4,0,0
125,95,2,,0.0,8,9,5,6,0.1977401129943502,39.68548860108367,0.041477729992512015,0.20616233416561433,36.0,18.0,54.0,20.013129499999998,0.86,102.0,0.06159985595274104,0.0102845,0.00201775625504439,{0.0: 0.0},{},{},,,,,,,,,,1,0,0
126,95,3,,1.0,13,241,8,236,3.5774818401937036,36.30574687388432,0.04388566410490215,4.285088352144096,36.0,18.0,54.0,20.013129499999998,0.86,102.0,0.06159985595274104,0.0102845,0.00201775625504439,{0.0: 0.0},{},{},116.0,6.5,0.0,0.5220132624831293,0.018529559158302945,339.0898430718543,0.9775772427597528,0.021618236076718925,0.021690177161007164,228,0,153
127,96,1,high contact,0.0,4,7,11,14,0.18913480885311815,54.56038884511435,0.041471599049066714,0.20509805238416165,42.0,9.0,51.0,19.96481348120409,3.1,103.8,0.06053165035818484,0.012962696240818,0.00201207243460764,{0.0: 0.0},{},{},,,,,,,,,,3,0,0
128,96,2,head on impact,0.0,10,14,6,10,0.2354124748490939,54.51411117911838,0.04150457008046143,0.2113788867223062,42.0,9.0,51.0,19.96481348120409,3.1,103.8,0.06053165035818484,0.012962696240818,0.00201207243460764,{0.0: 0.0},{},{},,,,,,,,,,4,0,0
129,96,3,,0.0,14,76,5,67,1.7645875251509002,52.98493612881657,0.04259404763959103,1.1890820584527637,42.0,9.0,51.0,19.96481348120409,3.1,103.8,0.06053165035818484,0.012962696240818,0.00201207243460764,{0.0: 0.0},{},{},,,,0.3662381720718497,0.0376580601784723,166.8483527139151,0.9978423227234444,0.004734907451133727,0.0047755511790160635,62,0,61
130,96,4,,1.0,8,326,4,322,3.7022132796780576,51.04731037428942,0.04397453038885657,4.575362895370007,42.0,9.0,51.0,19.96481348120409,3.1,103.8,0.06053165035818484,0.012962696240818,0.00201207243460764,{0.0: 0.0},{},{},160.5,4.0,0.0,0.418786626386489,0.0308790801661187,203.47708783351825,0.9473918671574999,0.025409692940142545,0.025492595910618514,318,0,156
131,97,1,head on impact,1.0,7,336,4,333,0.4464643228958116,47.30807847384505,0.04165493628753128,0.2573849314306359,37.0,12.0,49.0,20.03493253373313,0.86,106.0,0.05927533308659987,0.0103794256717794,0.00200208216545207,"{0.0: 0.0, 2.5: 42.30130465302685, 7.5: 36.40885709141614, 12.5: 40.028446596329104, 17.5: 400.9734212006616}","{2.5: 0.0375, 7.5: 0.0475, 12.5: 0.0525, 17.5: 0.0475}","{2.5: 'E_dict', 7.5: 'E_dict', 12.5: 'E_dict', 17.5: 'E_dict'}",,,,0.3670924494201006,0.02521640083421008,249.17058340282412,0.8111456708848261,0.04160476843969743,0.041737904038988013,329,0,159
132,98,1,roll around,1.0,5,247,4,246,1.5688233824631508,37.558630745940164,0.04245457332610517,0.9804688397587453,33.0,12.0,45.0,19.96463659867854,3.1,107.16666666666667,0.058630033970571566,0.0129273197357081,0.00199850112415688,"{0.0: 0.0, 7.5: 11.488152252650552, 12.5: 70.8052443064393, 17.5: 643.1868130799618}","{7.5: 0.0525, 12.5: 0.055, 17.5: 0.055}","{7.5: 'E_dict', 12.5: 'E_dict', 17.5: 'E_dict'}",,,,0.3557167815533822,0.028213244221760084,222.70339624159712,0.8475073477958363,0.035132974208600724,0.03524397914304667,242,0,161
133,98,2,Close2axis,0.0,19,50,13,44,5.3280039970022415,33.79945013140107,0.04513284284106165,9.268709892369959,33.0,12.0,45.0,19.96463659867854,3.1,107.16666666666667,0.058630033970571566,0.0129273197357081,0.00199850112415688,"{0.0: 0.0, 7.5: 11.488152252650552, 12.5: 70.8052443064393, 17.5: 643.1868130799618}","{7.5: 0.0525, 12.5: 0.055, 17.5: 0.055}","{7.5: 'E_dict', 12.5: 'E_dict', 17.5: 'E_dict'}",,,,0.1375976185213997,0.07647934977663594,82.15531807644982,0.9985919575624346,0.0014628081465725867,0.0014896509019704301,31,0,30
134,99,1,,1.0,4,251,4,251,1.5191596965570875,52.0,0.042419189887637716,0.9314420242073433,36.0,16.0,52.0,20.020663650075413,0.86,106.0625,0.059240403603343185,0.0100553041729512,0.00194514685858782,"{0.0: 0.0, 2.5: 20.818261605854715, 7.5: 29.948755035750082, 12.5: 401.1031315503766, 17.5: 98.87558094743001}","{2.5: 0.04, 7.5: 0.045, 12.5: 0.05, 17.5: 0.055}","{2.5: 'E_dict', 7.5: 'E_dict', 12.5: 'E_dict', 17.5: 'E_dict'}",133.0,2.0,85.0,0.28898533450680297,0.027436092738587804,229.0116660213256,0.9158165041530446,0.021981914234592163,0.02205225653993196,247,0,159
135,100,1,Close2axis,1.0,6,256,5,255,5.087257161672696,43.81389060419508,0.04496132011416963,8.467123057171245,41.0,11.0,52.0,19.92808462834675,3.1,106.5,0.05899704513783649,0.0140423141733757,0.00197563384919328,"{0.0: 0.0, 2.5: 9.680152875659267, 7.5: 12.702984128753961, 12.5: 32.285062267436246, 17.5: 101.3462156939471}","{2.5: 0.0375, 7.5: 0.0425, 12.5: 0.0535, 17.5: 0.055}","{2.5: 'E_dict', 7.5: 'E_dict', 12.5: 'E_dict', 17.5: 'E_dict'}",126.0,3.0,0.0,0.4077934297082032,0.02631077696729437,238.80652840430764,0.9842549700829337,0.014600925292426188,0.01464735124517186,250,0,160
136,101,1,,1.0,4,218,8,222,3.356068204613829,62.0,0.043727915528503414,3.794316278167282,47.0,15.0,62.0,19.975757575757573,0.86,100.625,0.062441593114828185,0.0108225108225108,0.00200601805416248,"{0.0: 0.0, 7.5: 32.50303958678182, 12.5: 80.40522635410065}","{7.5: 0.04, 12.5: 0.04}","{7.5: 'E_dict', 12.5: 'E_dict'}",108.0,2.0,0.0,0.38842355179892085,0.031202194658760517,201.36997976889043,0.8946401992567884,0.030818387441448887,0.030922328334986936,214,0,151
137,102,1,roll around,0.0,4,63,7,66,0.8728913299333044,57.0,0.0419587488920349,0.43724154382920355,46.0,11.0,57.0,20.019982224855575,3.1,97.25,0.06460858927691092,0.0133313583172863,0.00196155355041192,"{0.0: 0.0, 2.5: 34.965761246966906, 7.5: 41.963598786190225, 12.5: 47.24992321011043, 17.5: 131.465140613676}","{2.5: 0.04, 7.5: 0.045, 12.5: 0.0625, 17.5: 0.06}","{2.5: 'E_dict', 7.5: 'E_dict', 12.5: 'E_dict', 17.5: 'E_dict'}",,,,0.39262702853799714,0.04621959643793062,135.94202008270287,0.9991733756829898,0.003375044291044149,0.0034055883008654608,59,0,58
138,102,2,roll around,0.0,4,85,6,87,1.0808160062769678,57.0,0.042106887111279974,0.5671045243540609,46.0,11.0,57.0,20.019982224855575,3.1,97.25,0.06460858927691092,0.0133313583172863,0.00196155355041192,"{0.0: 0.0, 2.5: 34.965761246966906, 7.5: 41.963598786190225, 12.5: 47.24992321011043, 17.5: 131.465140613676}","{2.5: 0.04, 7.5: 0.045, 12.5: 0.0625, 17.5: 0.06}","{2.5: 'E_dict', 7.5: 'E_dict', 12.5: 'E_dict', 17.5: 'E_dict'}",,,,0.3584877617982516,0.043602651158319024,144.1009924916184,0.9969855058772213,0.0062030628850481394,0.006243212578532231,81,0,80
139,102,3,,1.0,8,231,4,227,1.7967830521773187,57.0,0.04261698569641632,1.225736999887682,46.0,11.0,57.0,20.019982224855575,3.1,97.25,0.06460858927691092,0.0133313583172863,0.00196155355041192,"{0.0: 0.0, 2.5: 34.965761246966906, 7.5: 41.963598786190225, 12.5: 47.24992321011043, 17.5: 131.465140613676}","{2.5: 0.04, 7.5: 0.045, 12.5: 0.0625, 17.5: 0.06}","{2.5: 'E_dict', 7.5: 'E_dict', 12.5: 'E_dict', 17.5: 'E_dict'}",111.5,4.0,0.0,0.6930921893144888,0.02230951705259378,281.6369934125975,0.9933809448046289,0.01721654780584096,0.017276640651047535,223,0,146
140,103,1,head on impact,0.0,7,19,5,17,0.8750996696662489,58.0,0.041960322247931274,0.4384755715152386,45.0,13.0,58.0,20.01791329204383,0.86,110.1,0.05706798644123148,0.01071939018580276,0.001993393324980066,"{0.0: 0.0, 7.5: 7.7966518698587635, 12.5: 43.137954298491366, 17.5: 55.90977839088961}","{7.5: 0.04554271738213713, 12.5: 0.054819937589609506, 17.5: 0.05566332124483427}","{7.5: 'E_dict', 12.5: 'E_dict', 17.5: 'E_dict'}",,,,0.059672541918102444,0.22739546763586493,27.631092969896113,0.9938420638625668,0.0014987245766774522,0.0015896374669493462,12,0,11
141,103,2,,1.0,9,203,4,198,2.0232942248547667,58.0,0.04277836606910518,1.5023557417844624,45.0,13.0,58.0,20.01791329204383,0.86,110.1,0.05706798644123148,0.01071939018580276,0.001993393324980066,"{0.0: 0.0, 7.5: 7.7966518698587635, 12.5: 43.137954298491366, 17.5: 55.90977839088961}","{7.5: 0.04554271738213713, 12.5: 0.054819937589609506, 17.5: 0.05566332124483427}","{7.5: 'E_dict', 12.5: 'E_dict', 17.5: 'E_dict'}",97.0,4.5,0.0,0.29655381143090626,0.02781749152192097,225.8717434039032,0.7685446567039051,0.03457389490051825,0.03468044028374999,194,0,165
142,105,1,Close2axis,1.0,8,237,10,239,3.585075009616618,49.0,0.043891073941851357,4.3024748053921575,38.0,11.0,49.0,20.097455024133392,3.1,79.75,0.07878602266055908,0.01316366827555946,0.001923323503013207,{0.0: 0.0},{},{},139.5,4.0,77.5,0.4804864734698932,0.023253959865947783,270.1985099914292,0.9843235390421444,0.01680781677278511,0.01687949222277918,229,0,120
143,106,1,head on impact,1.0,3,243,6,246,0.7791616255070813,50.0,0.041891970134706843,0.38773973865458,37.0,13.0,50.0,20.069162995594713,0.86,92.5,0.06792632764518472,0.0105726872246696,0.001992740730197139,"{0.0: 0.0, 2.5: 10.917562969415636, 7.5: 33.899710202207686, 12.5: 58.30878069602855, 17.5: 205.15908023629197}","{2.5: 0.0417474909336257, 7.5: 0.045964409209749514, 12.5: 0.05524162941722189, 17.5: 0.05608501307244665}","{2.5: 'E_dict', 7.5: 'E_dict', 12.5: 'E_dict', 17.5: 'E_dict'}",124.5,1.5,118.5,0.3272798957763069,0.025959044872946133,242.04223760666036,0.9758474114034416,0.014613302464990778,0.014666929443244391,240,0,139
144,107,1,,1.0,8,212,6,210,1.0369033293221022,41.850901115800596,0.04207560104230168,0.5373756723065019,31.0,11.0,42.0,20.058730158730157,0.86,88.75,0.07079645416540378,0.01058201058201058,0.002005615724027277,"{0.0: 0.0, 7.5: 14.547698948903683, 12.5: 56.291675988894575, 17.5: 174.18877171083147}","{7.5: 0.04259087458885046, 12.5: 0.046807792864974274, 17.5: 0.05018132748587332}","{7.5: 'E_dict', 12.5: 'E_dict', 17.5: 'E_dict'}",102.0,4.0,0.0,0.3346911097600408,0.027204698201823238,230.95956663685732,0.9960328554109441,0.00639864447704153,0.006423207502012469,204,0,133
145,108,1,,0.0,6,21,3,18,1.0300293994120118,51.225050873872945,0.0420707036354426,0.5328336290438648,40.0,14.0,54.0,19.993938716170877,3.1,78.75,0.07978648009116934,0.01341981659583986,0.001889962200755985,"{0.0: 0.0, 2.5: 1.1934213976632584, 7.5: 6.393992822109642, 12.5: 40.0043977267653, 17.5: 93.92369980328554}","{2.5: 0.05102471114109808, 7.5: 0.058615164038120934, 12.5: 0.0615670068314076, 17.5: 0.06072362317618284}","{2.5: 'E_dict', 7.5: 'E_dict', 12.5: 'E_dict', 17.5: 'E_dict'}",,,,,,,,,,15,0,0
146,108,2,,1.0,11,149,5,143,2.0184796304073918,50.23660064287756,0.042774935858413674,1.4961348657690254,40.0,14.0,54.0,19.993938716170877,3.1,78.75,0.07978648009116934,0.01341981659583986,0.001889962200755985,"{0.0: 0.0, 2.5: 1.1934213976632584, 7.5: 6.393992822109642, 12.5: 40.0043977267653, 17.5: 93.92369980328554}","{2.5: 0.05102471114109808, 7.5: 0.058615164038120934, 12.5: 0.0615670068314076, 17.5: 0.06072362317618284}","{2.5: 'E_dict', 7.5: 'E_dict', 12.5: 'E_dict', 17.5: 'E_dict'}",70.0,5.5,65.0,0.3585290249021695,0.034130355254504925,184.09375643256035,0.920718112108075,0.026654447905557793,0.026770085966536364,138,0,118
147,109,1,,1.0,15,221,15,221,3.6280854475688677,45.797146142463916,0.04392171720074318,4.401653704394481,43.0,8.0,51.0,19.955806537337228,0.86,85.0,0.07391982714328925,0.007972362476747276,0.002004467098104347,"{0.0: 0.0, 2.5: 4.417046214814599, 7.5: 21.0642972070025, 17.5: 241.88553232502406, 12.5: 61.109924249774025}","{2.5: 0.04849456017542379, 7.5: 0.045964409209749514, 17.5: 0.05988023952095808, 12.5: 0.046807792864974274}","{2.5: 'E_dict', 7.5: 'E_dict', 17.5: 'E_dict', 12.5: 'E_dict'}",78.0,7.5,0.0,0.2640830116045316,0.021079858127779714,298.0658251631875,0.974567793221435,0.011453624325270586,0.01149971555505647,206,0,127
148,110,1,,1.0,10,211,7,208,2.7511056076419607,61.0,0.0432969032821399,2.6132109476657366,44.0,17.0,61.0,20.230323717242896,0.2,99.5,0.06314759102693052,0.006606474344857961,0.002122766672563241,"{0.0: 0.0, 2.5: 1.1067834862633281, 7.5: 6.297204786547268, 12.5: 46.495552237240794, 17.5: 128.94005890617763, 37.5: 199.60890158019342}","{2.5: 0.054819937589609506, 7.5: 0.05228978662393522, 12.5: 0.0506030193134857, 17.5: 0.049759635658260935, 37.5: 0.08476005735008854}","{2.5: 'E_dict', 7.5: 'E_dict', 12.5: 'E_dict', 17.5: 'E_dict', 37.5: 'E_dict'}",142.5,5.0,62.5,0.08066147585512035,0.02585367823676584,243.0286804700939,0.8947587870889682,0.006950838526084314,0.006974602145921133,201,0,149
149,111,1,,1.0,10,436,7,433,0.740423710678365,41.72804938153944,0.04186437088183843,0.36892140524302747,38.0,19.0,57.0,20.442789940293107,0.2,99.1,0.06340247534994538,0.01085579880586213,0.002139952921035737,"{0.0: 0.0, 2.5: 1.5929956658939988, 7.5: 23.38137277801755, 12.5: 95.5051009388767, 37.5: 417.54357620971973, 47.5: 536.6003824846752}","{2.5: 0.0506030193134857, 7.5: 0.04722948469258666, 12.5: 0.05018132748587332, 37.5: 0.05988023952095808, 47.5: 0.07379606983216665}","{2.5: 'E_dict', 7.5: 'E_dict', 12.5: 'E_dict', 37.5: 'E_dict', 47.5: 'E_dict'}",,,,0.19319648301799308,0.02694662246379448,233.17153441481148,0.9753322090424907,0.008551538688487409,0.008580774803475615,426,0,149
150,112,1,head on impact,0.0,5,14,3,12,0.985541597534961,44.73237234250968,0.04203900781239704,0.504168171822073,37.0,19.0,56.0,20.454187192118226,0.2,83.5,0.07524772822969564,0.01108374384236453,0.002133206921071344,"{0.0: 0.0, 2.5: 2.131727033191357, 7.5: 4.919017335653279, 17.5: 107.96075006969882, 37.5: 417.8614413223958, 47.5: 951.5351521520694}","{2.5: 0.04259087458885046, 7.5: 0.04638610103736189, 17.5: 0.056928396727671415, 37.5: 0.05018132748587332, 47.5: 0.07379606983216665}","{2.5: 'E_dict', 7.5: 'E_dict', 17.5: 'E_dict', 37.5: 'E_dict', 47.5: 'E_dict'}",,,,,,,,,,9,0,0
151,112,2,Close2axis,1.0,14,260,20,266,5.032235126807301,40.68567881323734,0.04492211906113671,8.289125026916102,37.0,19.0,56.0,20.454187192118226,0.2,83.5,0.07524772822969564,0.01108374384236453,0.002133206921071344,"{0.0: 0.0, 2.5: 2.131727033191357, 7.5: 4.919017335653279, 17.5: 107.96075006969882, 37.5: 417.8614413223958, 47.5: 951.5351521520694}","{2.5: 0.04259087458885046, 7.5: 0.04638610103736189, 17.5: 0.056928396727671415, 37.5: 0.05018132748587332, 47.5: 0.07379606983216665}","{2.5: 'E_dict', 7.5: 'E_dict', 17.5: 'E_dict', 37.5: 'E_dict', 47.5: 'E_dict'}",104.5,7.0,80.0,0.24250551365874168,0.030162268647923908,208.31275593097877,0.9980047420354907,0.0035020833405188146,0.003516406849542967,246,0,125
152,114,1,,1.0,2,204,6,208,2.3178902352102644,53.0,0.042988254232156284,1.911197197131207,41.0,12.0,53.0,20.45185801442041,0.2,79.75,0.07878602266055908,0.01103716028840821,0.002138275124732716,"{0.0: 0.0, 2.5: 1.7894624547142701, 7.5: 25.075679731328904, 12.5: 71.19406769553291, 17.5: 113.04554292049106, 37.5: 666.7495414731259}","{2.5: 0.05018132748587332, 7.5: 0.05144640296871046, 12.5: 0.05903685586573332, 17.5: 0.05735008855528379, 37.5: 0.07000084338365521}","{2.5: 'E_dict', 7.5: 'E_dict', 12.5: 'E_dict', 17.5: 'E_dict', 37.5: 'E_dict'}",129.5,1.0,74.5,0.23300618207332213,0.035659892634981386,176.19753854827798,0.9920341476927592,0.00603849812020063,0.006064248762054039,202,0,120
153,115,1,,1.0,6,243,6,243,2.4546234100328705,55.0,0.04308567128426446,2.119809972758124,35.0,20.0,55.0,20.456799104644656,0.2,90.85,0.06915999237401857,0.01113598209289312,0.002143775903958839,"{0.0: 0.0, 12.5: 81.33111092861213, 17.5: 158.71088183183397, 37.5: 256.81460830787694}","{12.5: 0.0506030193134857, 17.5: 0.04933794383064856, 37.5: 0.06620561693514379}","{12.5: 'E_dict', 17.5: 'E_dict', 37.5: 'E_dict'}",,,,0.13804161834834583,0.037506239897665,167.52373269949553,0.8846106381322179,0.010943997556910398,0.010985063358066758,237,0,136
154,116,1,,1.0,5,354,4,353,1.8834899328859058,41.918255796011316,0.04267876096585685,1.3277495070404597,37.0,10.0,47.0,20.443215837759535,0.2,91.4,0.06874382174157097,0.01086431675519073,0.002147651006711409,"{0.0: 0.0, 2.5: 0.7164401741257351, 7.5: 17.61208549612679, 12.5: 45.37749800255269, 17.5: 98.98161861811045, 37.5: 183.3886822308139}","{2.5: 0.04849456017542379, 7.5: 0.049759635658260935, 12.5: 0.0594585476933457, 17.5: 0.05988023952095808, 37.5: 0.0834949818672514}","{2.5: 'E_dict', 7.5: 'E_dict', 12.5: 'E_dict', 17.5: 'E_dict', 37.5: 'E_dict'}",,,,0.21255324421285554,0.03190737863538456,196.91950814823994,0.9603811340675165,0.011366373831053498,0.011408706841013033,349,0,137
155,117,1,,1.0,2,371,8,377,1.839622641509434,54.0,0.042647507232332335,1.275537929875723,44.0,10.0,54.0,20.091633266533066,3.1,90.25,0.06961978179700373,0.01127254509018036,0.001886792452830189,"{0.0: 0.0, 2.5: 1.9191156617647567, 7.5: 37.81631308446449, 12.5: 101.85728385587183, 17.5: 94.53480737504778, 37.5: 322.62966223454083}","{2.5: 0.04554271738213713, 7.5: 0.04722948469258666, 12.5: 0.056928396727671415, 17.5: 0.06114531500379522, 37.5: 0.07632622079784093}","{2.5: 'E_dict', 7.5: 'E_dict', 12.5: 'E_dict', 17.5: 'E_dict', 37.5: 'E_dict'}",,,,0.15144680319849227,0.027847912364546062,225.62500287019293,0.9836259726075389,0.005605584544856701,0.0056267777567225764,369,0,135
156,118,1,,1.0,10,228,6,224,1.2876375217139546,34.86928726787456,0.04225423937142135,0.7237004320859982,30.0,10.0,40.0,20.541578654808227,0.2,84.9,0.07400689407749807,0.01106170094496943,0.002171395483497394,"{0.0: 0.0, 2.5: 2.9015310626475044, 7.5: 12.58350007447158, 12.5: 53.7333384695576, 17.5: 75.75431367889767, 37.5: 374.82380899968587}","{2.5: 0.04722948469258666, 7.5: 0.05650670490005903, 12.5: 0.05903685586573332, 17.5: 0.058615164038120934, 37.5: 0.07210930252171713}","{2.5: 'E_dict', 7.5: 'E_dict', 12.5: 'E_dict', 17.5: 'E_dict', 37.5: 'E_dict'}",,,,0.23251062598266461,0.03458649139770792,181.66587743548857,0.9857271259161325,0.007742317880548164,0.007773474215204642,218,0,127
157,119,1,Close2axis,1.0,4,201,5,202,4.274595499349079,49.0,0.04438233038759006,6.03496721699549,38.0,11.0,49.0,20.016306253652832,3.1,83.5,0.07524772822969564,0.01163062536528346,0.001952761763064906,"{0.0: 0.0, 2.5: 4.956818654969462, 7.5: 11.568177380128137, 12.5: 35.054559244304755, 17.5: 117.59312204357886, 22.5: 140.4873880543654}","{2.5: 0.048072868347811416, 7.5: 0.06915745972843046, 12.5: 0.07126591886649236, 17.5: 0.0615670068314076, 22.5: 0.06915745972843046}","{2.5: 'E_dict', 7.5: 'E_dict', 12.5: 'E_dict', 17.5: 'E_dict', 22.5: 'E_dict'}",98.5,2.0,0.0,0.04693471371576365,0.01366444169102356,459.8201265191196,-0.16703199474245167,0.010201315957111462,0.010243039304891148,197,0,125
158,119,2,Close2axis,1.0,54,172,7,125,6.151199553654454,49.0,0.04571933755634672,12.289597720746418,38.0,11.0,49.0,20.016306253652832,3.1,83.5,0.07524772822969564,0.01163062536528346,0.001952761763064906,"{0.0: 0.0, 2.5: 4.956818654969462, 7.5: 11.568177380128137, 12.5: 35.054559244304755, 17.5: 117.59312204357886, 22.5: 140.4873880543654}","{2.5: 0.048072868347811416, 7.5: 0.06915745972843046, 12.5: 0.07126591886649236, 17.5: 0.0615670068314076, 22.5: 0.06915745972843046}","{2.5: 'E_dict', 7.5: 'E_dict', 12.5: 'E_dict', 17.5: 'E_dict', 22.5: 'E_dict'}",,27.0,57.0,0.4741849247706794,0.022325143904747526,281.43985696071786,0.951007507839094,0.033331557618610216,0.03347742946486015,118,0,117
159,119,3,Close2axis,1.0,18,159,7,148,6.43630277106193,49.0,0.04592246247480507,13.436856809701146,38.0,11.0,49.0,20.016306253652832,3.1,83.5,0.07524772822969564,0.01163062536528346,0.001952761763064906,"{0.0: 0.0, 2.5: 4.956818654969462, 7.5: 11.568177380128137, 12.5: 35.054559244304755, 17.5: 117.59312204357886, 22.5: 140.4873880543654}","{2.5: 0.048072868347811416, 7.5: 0.06915745972843046, 12.5: 0.07126591886649236, 17.5: 0.0615670068314076, 22.5: 0.06915745972843046}","{2.5: 'E_dict', 7.5: 'E_dict', 12.5: 'E_dict', 17.5: 'E_dict', 22.5: 'E_dict'}",79.5,9.0,0.0,0.4190543922713723,0.015612042901734676,402.4575993498873,0.9982867729388676,0.004283929075431732,0.004301450330868698,141,0,125
160,120,1,Close2axis,1.0,48,274,8,234,7.194187391555811,42.29928081934524,0.04646242569633067,16.739292678776458,38.0,11.0,49.0,20.484451482867836,0.2,88.7,0.07083636197496715,0.01145983299740858,0.002168883747831116,"{0.0: 0.0, 2.5: 0.9531356479408667, 7.5: 2.209721278484919, 12.5: 82.19393580787667, 17.5: 115.05397907890641, 27.5: 185.8697517044375}","{2.5: 0.04638610103736189, 7.5: 0.04849456017542379, 12.5: 0.048072868347811416, 17.5: 0.04722948469258666, 27.5: 0.05313317027915999}","{2.5: 'E_dict', 7.5: 'E_dict', 12.5: 'E_dict', 17.5: 'E_dict', 27.5: 'E_dict'}",,,,0.11566684322662647,0.041184982305397265,152.56010699696668,0.9438508330588028,0.006607740239418109,0.006633105938213324,226,0,133
161,121,1,Close2axis,1.0,75,396,14,335,4.110556940980881,44.19198808825171,0.04426545931508672,5.595246698755779,34.0,15.0,49.0,20.054777777777776,3.1,79.5,0.07903377744879983,0.01105555555555555,0.001911886949293433,"{0.0: 0.0, 2.5: 2.06567798767508, 7.5: 30.16369504373867, 12.5: 82.26587907655644, 17.5: 185.7666395641273, 27.5: 571.3498505279446}","{2.5: 0.05313317027915999, 7.5: 0.052711478451547604, 12.5: 0.05524162941722189, 17.5: 0.051868094796322844, 27.5: 0.06704900059036856}","{2.5: 'E_dict', 7.5: 'E_dict', 12.5: 'E_dict', 17.5: 'E_dict', 27.5: 'E_dict'}",154.0,37.5,0.0,0.3534006084498869,0.028085324326029244,223.71774077596757,0.9957243270481069,0.007606717425929289,0.0076394346411138014,321,0,119
162,122,1,Close2axis,1.0,9,197,4,192,0.9429696616102683,53.331012175387954,0.04200867696909071,0.47792203409861983,36.0,12.0,48.0,20.478785286569718,0.2,74.0,0.08490790955648089,0.01134873110921015,0.002187864644107351,"{0.0: 0.0, 2.5: 2.417814815925075, 7.5: 8.740871188809225, 12.5: 125.94357239664491, 17.5: 284.73376106436365}","{2.5: 0.04469933372691237, 7.5: 0.049759635658260935, 12.5: 0.049759635658260935, 17.5: 0.053554862106772363}","{2.5: 'E_dict', 7.5: 'E_dict', 12.5: 'E_dict', 17.5: 'E_dict'}",93.5,4.5,0.0,0.1882906561227656,0.04184880672502098,150.14013060073543,0.9763584298003526,0.007911252385775721,0.007947794161687127,188,0,111
163,122,2,,1.0,14,212,9,207,2.1703617269544924,52.103620110043735,0.04288314592618123,1.6995205219948697,36.0,12.0,48.0,20.478785286569718,0.2,74.0,0.08490790955648089,0.01134873110921015,0.002187864644107351,"{0.0: 0.0, 2.5: 2.417814815925075, 7.5: 8.740871188809225, 12.5: 125.94357239664491, 17.5: 284.73376106436365}","{2.5: 0.04469933372691237, 7.5: 0.049759635658260935, 12.5: 0.049759635658260935, 17.5: 0.053554862106772363}","{2.5: 'E_dict', 7.5: 'E_dict', 12.5: 'E_dict', 17.5: 'E_dict'}",99.0,7.0,0.0,0.1824101729674616,0.03296102641224429,190.6246859122543,0.9897841688426847,0.005516646321106279,0.00554212750206453,198,0,111
